,0
0.26987946033477783,Hg0.7Cd0.3Te
1.4560410976409912,LuP
3.4058055877685547,ZnO
2.7168705463409424,ZnIn2S4
1.1259043216705322,InSe
2.41103458404541,ThOS
1.729203462600708,Tl4Nb2S11
0.4632836580276489,SmTe
1.5662291049957275,Hg4As2.5InBr3.5
3.8738670349121094,Li4.5Fe0.5TeO6
2.8754143714904785,Bi25FeO39
2.182549476623535,CdO
0.2804484963417053,Bi2Te0.1Se2.9
1.8856487274169922,PbSbBS4
2.1361706256866455,ZnGa2Se4
2.8544092178344727,Pb10B3O13Br3
2.577752113342285,AgGaS2
1.6282539367675781,AgBiP2S6
2.9503493309020996,SrThP2S8
1.965129017829895,UO2
1.6626980304718018,CuGaSe2
3.744744062423706,DyB6
0.4735463261604309,K1.25Pb3.5Bi7.25Se15
2.311573028564453,K2Cd2Te3
2.5294113159179688,Gd4GaSbS9
1.5166139602661133,CdSiAs2
3.598651885986328,ZnS
2.993882894515991,PbBiBO4
3.454317569732666,BaGa2SiS6
7.437836647033691,BaF2
3.25169038772583,BaTiO3
1.8804733753204346,AlB12
2.0105342864990234,RbAg2TeS6
5.717194557189941,Ba3P3O10Cl
1.7047388553619385,Sm2Mn3Sb4S12
1.679782509803772,CdS0.35Se0.65
0.47033074498176575,CoAs3
0.48307788372039795,GeSe2O6
2.1387686729431152,RbPSe6
0.2797365188598633,Cu3ErTe3
3.925633668899536,KTaO3
1.16917884349823,SnS
0.7140313386917114,In0.9As0.9Cd0.1Te0.1
2.1022112369537354,CsZn4In5Se12
1.0515763759613037,Na2KSb
0.2527288794517517,Pb0.9Sn0.1Se
8.060331344604492,RbF
1.3770527839660645,InP
2.479707717895508,PbI2
1.6747151613235474,SbSeI
2.069692611694336,LiZnN
0.5185097455978394,CsBi3Se5
3.195453405380249,Bi12PO20
1.142146348953247,TlInSe2
1.8166446685791016,AgGaSe2
3.0468509197235107,LiNbO3
1.6171677112579346,CuCdInSe3
3.859071969985962,Co2Te3O8
6.118895530700684,Li4SrB2O6
2.3433079719543457,K4GeSe4
5.2245588302612305,CdCl2
1.8804733753204346,AlB12
2.6143245697021484,Na4MgGe2Se6
2.9105191230773926,AgI
2.490891933441162,TaON
2.1350791454315186,Ba3BSbSe6
1.7357218265533447,EuLu2Se4
2.5455386638641357,GaP
2.679342269897461,Na4MgSi2Se6
4.848320960998535,CaSe
2.0950427055358887,CsCeHgSe3
1.835509181022644,PbGa2GeSe6
0.7062956094741821,In0.96As0.96Cd0.04Te0.04
1.970266342163086,CsCu2AsS3
3.332292079925537,SrTiO3
2.883511543273926,InP2S4
0.7757853865623474,Ga0.8Sb0.8Cd0.2Te0.2
1.0912384986877441,EuSb2S4
2.5027384757995605,BaGa4Se7
0.48301029205322266,KRbBi8Se13
2.0762317180633545,In0.4Al0.6P
1.2314836978912354,K8Ga8Si38
0.296123743057251,CuFeSe2
0.22471261024475098,Cd3As2
0.48936936259269714,La3Te4
0.9488467574119568,Rh2S3
0.7719189524650574,Ga1.01Sb0.99Te0.03
1.736048936843872,In0.4P0.4Ga0.6As0.6
2.162109851837158,GaSe
1.492199420928955,GaAs
0.2570350766181946,Sb2Te3
1.5149643421173096,Er2Mo3O12
0.6224560141563416,TlSe
2.162109851837158,GaSe
1.0657044649124146,Ge0.1Si0.9
2.632275104522705,Y2S3
3.7893784046173096,Ba3ZnTa2O9
3.6883301734924316,CuBS2
0.4454447627067566,Zn0.4Hg0.6Se
4.530140399932861,Ta2O5
0.2619871497154236,Pb0.75Sn0.25Se
2.2257916927337646,Cu2ZnGeS4
1.091180443763733,Cu0.2In1.8Se2.8
1.0192703008651733,AgS
2.0354151725769043,RbZrPSe6
2.042571783065796,Zn3P2
2.250950574874878,GeO2
1.8600822687149048,CdSe
0.9054601788520813,NdTe2
2.0664072036743164,NaSbS2
3.4093856811523438,Pb2GeSe4O12
2.4676361083984375,CsSmZnSe3
3.5316689014434814,Bi2SeI2O11
2.076171398162842,CdP2
2.3828628063201904,Dy3Al0.5SiS7
0.8397428393363953,TlCr5S4Se4
2.121579170227051,Nd2ZrS5
1.3864880800247192,MnTe
0.7709522247314453,Ga1.005Sb0.995Te0.015
2.6182126998901367,Ba3InS4Cl
0.031807899475097656,EuVO4
1.7655086517333984,CuGa3Se5
2.706624984741211,Bi5O7I
2.3241608142852783,CsLaHgSe3
0.027698874473571777,Mg2Pb
1.8600822687149048,CdSe
5.3101396560668945,NaI
0.6224560141563416,TlSe
0.05728936195373535,ReSi2
1.605666995048523,CdTe
2.4150123596191406,NaIn3S5
0.03388833999633789,TiC0.9
3.256892681121826,KPbB5O9
1.7602064609527588,GaTe
1.0912572145462036,Cu0.4In1.6Se2.6
0.5917789340019226,ZnSnAs2
3.4982175827026367,BaS
0.2402489185333252,PbTe
2.487011432647705,K2Au2SnS4
3.067018508911133,TlBr
1.74978768825531,AgO
3.4058055877685547,ZnO
2.5530500411987305,CdS
2.003387451171875,Rb2TiCu2S4
1.963675618171692,LiAlB14
0.7709885835647583,Ba3Sn0.87Bi2.13Se8
1.142505407333374,Ce2Te3
2.0816221237182617,KCd4Ga5Se12
1.689479112625122,EuGa2Te4
3.13196063041687,PbBr2
2.5461974143981934,ScN
3.3294215202331543,Ba3Gd2P4S16
2.412379264831543,Sm4GaSbS9
2.5559704303741455,Hg3ZnS2Cl4
9.084320068359375,BeO
0.7204235792160034,Ga1.05Sb0.95Se0.15
4.094577789306641,Na3WO4Cl
1.0527442693710327,GeAs2
1.492199420928955,GaAs
2.465195417404175,In0.01Al0.99P
1.670116901397705,Ba4CuGa5Se12
0.5762348175048828,InAsI
0.7693608403205872,GaSb
0.296123743057251,CuFeSe2
0.1354880928993225,Cu3ScSe3
0.20494818687438965,Hg0.8Zn0.2Te
5.576922416687012,AlN
1.3849406242370605,SiAs
1.1604061126708984,In2Se3
0.04039335250854492,HgSc
1.178389549255371,CdP4
0.460013210773468,CdSnAs2
2.7587904930114746,NaYbP2S6
3.357135772705078,GaN
4.2503132820129395,Rb3NaMo2O8
4.684424877166748,BeS
1.9243686199188232,Ag7AsS6
2.7384328842163086,Ga2S3
1.0922013521194458,TlAsSe2
0.4693479537963867,Ag0.2Cd0.75In2.1Te4
1.3919367790222168,WSe2
2.4804701805114746,NdCuOS
3.5776591300964355,Zn0.99Cd0.01Se
4.267171859741211,ZnB12O24H10
1.605666995048523,CdTe
2.5530500411987305,CdS
2.952650785446167,CaB6
1.97499418258667,AgIn5S8
2.0932507514953613,V2O5
3.097687005996704,CuBr
1.7245919704437256,Hg2Br2Te2
0.03290295600891113,ScNiSb
2.4000191688537598,BaGa2GeSe6
2.01931095123291,Na2Te
4.1895623207092285,In4As5O12Br3
1.2713810205459595,TaN
3.576913595199585,Na2Mo2Se2O11
2.0787134170532227,K4Ag9Sb4S12
2.2229056358337402,K2Gd2Sb2Se9
0.5135740041732788,RbBi3Se5
0.3872089982032776,RuSbTe
2.0586023330688477,BiI3
2.016979455947876,ZnSiAs2
2.6680805683135986,ZnSe
2.1428542137145996,La2Ga0.33SbS5
5.524857521057129,BaB2O4
1.4408599138259888,UO
1.3402584791183472,CuSbS2
2.4383339881896973,SmS
2.6680805683135986,ZnSe
0.5099090337753296,Cs4Zr3S14
2.560009241104126,CaNd2S4
2.4676361083984375,CsSmZnSe3
1.9445399045944214,NaIn3Se5
2.116725206375122,Hg0.01Zn0.99Te
0.7478973269462585,TlScSe2
0.2570350766181946,Sb2Te3
1.7057819366455078,Tl2O3
0.6086897850036621,CdGeAs2
0.05877721309661865,Mg2Sn
2.8814139366149902,SrPb3Br8
0.3920269012451172,CuFeS2
1.7645201683044434,KSbS2
6.983894348144531,RbCl
1.7380821704864502,MnSb2Se4
1.8517329692840576,Na2TeSe3
0.22471261024475098,Cd3As2
2.207293748855591,CsZrPSe6
0.4896997809410095,LiMgBi
0.22765839099884033,NaBiS2
2.479707717895508,PbI2
1.8010756969451904,CdGeP2
0.3763834238052368,CoSb3
1.1259043216705322,InSe
2.871762752532959,Bi25GaO39
2.6606626510620117,Ba12In4S19
2.617478132247925,Cu0.1Ga1.9S2.9
3.688030481338501,Bi7F11O5
2.301222324371338,Zn0.01Cd0.99Se
4.1758623123168945,Sr4Te3O8Cl4
2.673760414123535,BaIn2S4
0.20762097835540771,InSb
3.25169038772583,BaTiO3
0.9923081994056702,SrGe2
2.0637760162353516,Cd4P2Cl3
0.6994805335998535,In0.98As0.98Cd0.02Te0.02
2.162109851837158,GaSe
2.636255979537964,WO3
2.132777214050293,Ga0.5Al0.5As
0.026024997234344482,CuScO2
5.126319885253906,Gd2O3
0.3547341823577881,InAs
2.3001770973205566,GaAs0.01P0.99
1.0987763404846191,IrS2
4.081109046936035,MnI2
2.130681037902832,In0.4Ga0.6P
3.067018508911133,TlBr
3.2643959522247314,AlP
0.0757300853729248,Eu1.83Ta15O32
4.065973281860352,Ga2Te3O9
0.813852071762085,In2Se
3.9254415035247803,PrBN2
4.75191068649292,Sr3Se3O8Cl
6.457378387451172,LiBr
2.150913715362549,Cs2Ga2Se5
0.5827049016952515,Cd3P2
2.9400548934936523,Zn3In2S6
0.5135740041732788,RbBi3Se5
0.2656380534172058,Pb0.9Ge0.1Se
1.02927565574646,CuInSe2
0.3547341823577881,InAs
2.67563533782959,Cu2Te3O8
3.069610357284546,CuI
1.282679557800293,Ba2InDyTe5
2.2743287086486816,CsSmHgSe3
3.907153844833374,Ca3B2N4
3.0254948139190674,EuSb2BO8
2.2203893661499023,K4Hf3Se14
3.4058055877685547,ZnO
2.3906874656677246,NaCeS3
2.0828118324279785,Si2Te3
2.310091733932495,LaTaN2O
3.21733021736145,PbSbO2Br
2.2396340370178223,Ba2InNdSe5
2.1158599853515625,Rb2HgP2Se6
5.263988494873047,KH3Se2O6
1.4249173402786255,AgBiP2Se6
2.2646167278289795,Ba2GaDySe5
1.3849406242370605,SiAs
2.7670345306396484,Zn0.99S0.99Ga0.01P0.01
2.186863422393799,KBaAsSe3
1.9426090717315674,CsSbSe2
3.128798007965088,CdP2S4
0.2482219934463501,BiSe
1.9023605585098267,NiC2N2
1.188878059387207,OsAsS
2.574793815612793,Rb6P3S15
4.039577007293701,Er2O3
0.7512772083282471,RhSe2
1.3196719884872437,Nd3Te4
1.1525681018829346,Ge0.7Si0.3
0.3954308032989502,InSn2As2Se
3.6262383460998535,NaNbSe2O7
0.709047794342041,In0.95As0.95Cd0.05Te0.05
3.0658273696899414,K6Yb3P5S20
1.1680266857147217,GeP
0.7695577144622803,Nd2Sn3Se9
1.142146348953247,TlInSe2
1.1318856477737427,KBiS2
2.4155545234680176,SmCuOSe
1.7701904773712158,Ba2AsGaSe5
2.346815824508667,Ta0.67Zr1.33O1.89N1.63
2.1382269859313965,CsDy9Cd4Se18
0.22026461362838745,InSb0.9As0.1
5.576922416687012,AlN
1.0254863500595093,NdAs
0.4545913338661194,AgInCd2Te3
0.711204469203949,In0.93As0.93Cd0.07Te0.07
3.3607959747314453,GeS2
1.5746185779571533,Ga0.01Sb0.01Cd0.99Te0.99
6.0986175537109375,Mg5B3O9F
2.4993700981140137,Al2Te3
2.288160562515259,CsCeCdSe3
0.3794060945510864,RuP4
2.303426742553711,InN
0.031847476959228516,LaSi2
1.0399893522262573,Ge0.06Si0.94
1.566620111465454,KSb5S8
2.9105191230773926,AgI
0.8353695273399353,Hg0.6Cd0.4Se
1.9144829511642456,BaLa2In2Se7
2.1961312294006348,RbSbS2
2.18435001373291,La2ZrS5
4.00242805480957,MgGeN2
0.2483951449394226,Bi2Te2.97Se0.03
1.8720767498016357,Ba2Cu2ThSe5
4.944718360900879,BaReH9
2.858743906021118,Hg3Te2Bi2Cl8
1.9665924310684204,Ta1.33Zr0.67O0.12N3.03
0.5917789340019226,ZnSnAs2
2.9871718883514404,Bi2O3
0.34059029817581177,Pb0.8Ge0.2Te
2.0586023330688477,BiI3
0.2439647912979126,Pb0.92Sn0.08Te
3.5484349727630615,BiTeNO6
0.7364292144775391,MnSi
1.6115520000457764,K2PdSe10
1.9142409563064575,CsCuSb2S4
2.680370807647705,Li6Fe2Te8O22
2.0396273136138916,CsAg2TeS6
0.1168397068977356,KAg11V4O16
1.7218869924545288,Ce2Se3
1.1737618446350098,La2MnNiO6
1.7598313093185425,GaAs0.7P0.3
3.731661319732666,Li3PS4
2.5574679374694824,SrNd2S4
0.26405155658721924,Hg0.796Cd0.204Te
2.871671199798584,HgGa2S4
0.8210347890853882,TlCr5S3Se5
0.12420016527175903,HgSe
2.038745403289795,CdI2
1.0502839088439941,GeAs
0.6538152694702148,Li3Bi
2.2169086933135986,Rb3Sb2Br9
3.5299596786499023,SnO2
2.302182197570801,LaS1.86Se0.14
0.34625911712646484,Ag2GeTe3
1.4806842803955078,Dy4S4Te3
0.9414660334587097,Ca2CdAs2
2.032318592071533,TlAsS2
2.158141613006592,P2Se3
2.350811004638672,Ga0.8Al0.2P
2.415182590484619,H6PtI6O20
3.4554693698883057,Li2In2SiS6
3.385636568069458,SnCl2
2.534627914428711,CsInGeS4
2.214010238647461,Ba5Ga4Se10
1.6044981479644775,KSbSe2
2.2556090354919434,In0.3Ga0.7P
1.5507934093475342,Rb2Cu2Sn2Se6
0.23516696691513062,InSb0.6As0.4
4.214284896850586,CdBr2
2.1904330253601074,CsLu7Se11
0.24866843223571777,Pb0.999Se0.999Sn0.001Se0.001
2.855886936187744,Cs3W3PO13
4.888275146484375,Lu2O3
0.7459346055984497,SrZrS3
2.158590078353882,RbAg2SbS4
0.47922781109809875,Cd4Sb3
1.9645919799804688,Li2B6
2.664670467376709,K2ZnTe2
0.4834059774875641,AgSbTe2
2.774155378341675,Pb6B2MoO12
1.2282090187072754,Eu3P2
2.176429271697998,AgGaGe3Se8
3.1811418533325195,CuAlS2
3.427398204803467,Ba3Dy2P4S16
1.3796210289001465,CuZn2InSe4
0.2804638743400574,PdSe
2.6265788078308105,Cu0.05Ga1.95S2.95
1.02927565574646,CuInSe2
1.4504573345184326,NaSbSe2
2.0356407165527344,Sb5O7I
3.0643720626831055,HgBrCl
1.971768856048584,RbGaSnSe4
4.655879974365234,Na3MoO4F
1.1586462259292603,Na3Sb
2.110644578933716,TaGaSe2
1.514917016029358,Cu2CdSnS4
6.429651260375977,KBr
1.073823094367981,PrTe1.9
2.945235252380371,Hg3S2Bi2Cl8
0.4858388304710388,AgInTe2
2.641892910003662,TlGaS2
1.0109559297561646,FeSi2
1.4133113622665405,Ba2InSmTe5
3.522315502166748,SmB6
0.7203388810157776,Ga0.99In0.01As
2.3975634574890137,Rb2Sn3Sb2S10
2.7337646484375,BiOBr
0.7963147759437561,Mn11Si19
0.2157878279685974,HgTe
2.2206385135650635,Ba4Ga2Se8
1.772763967514038,Mg2Ge
0.0341915488243103,CoSbS
0.33773213624954224,Pb0.99TeTl0.01
2.5044102668762207,K3SmAs2S8
3.0591838359832764,EuAl2O4
0.047926247119903564,Cr2O3
6.457378387451172,LiBr
2.2586889266967773,K3Ga3Ge7Se20
1.5213665962219238,Yb4Sb2S11.25
1.9772759675979614,Ca2Si
2.6125328540802,Pb14B2O14Br6
1.0797172784805298,ReSe2
0.5420932769775391,DyTe1.45
2.5124459266662598,SbI3
1.9700164794921875,Cu0.05Ga1.95Se2.95
1.2599239349365234,Nd1.33Lu0.67S3
1.2704098224639893,LaIn3S6
1.9517714977264404,CsGaSn2Se6
2.3282556533813477,CsKP2Se8
6.585926055908203,MgO
0.25015050172805786,SnTe
3.2609899044036865,CuCl
0.892188310623169,IrP2
2.799111843109131,YbGa2S4
2.1958048343658447,CuSmSe2
0.22435295581817627,InSb0.8As0.2
2.0637760162353516,Cd4P2Cl3
0.9593150019645691,SrCrO4
1.0469269752502441,Ag2S
1.999224066734314,Ag3AsS3
1.8166446685791016,AgGaSe2
0.8063043355941772,AgSbSe2
0.928243100643158,CdAs2
2.47318696975708,CdGa2Se4
2.076171398162842,CdP2
1.8600822687149048,CdSe
1.605666995048523,CdTe
1.6626980304718018,CuGaSe2
2.644324779510498,Dy2S3
3.357135772705078,GaN
2.605693817138672,GaS
2.162109851837158,GaSe
0.45352745056152344,In4Te3
1.1259043216705322,InSe
5.436419486999512,KI
2.540576457977295,Mg3As2
0.21293509006500244,NaBiSe2
0.34884053468704224,PbS
0.2402489185333252,PbTe
5.490411758422852,RbI
1.7164835929870605,Sb2S3
1.16917884349823,SnS
1.072414517402649,SnSe
0.3631618022918701,Tl2Te3
3.41850209236145,TlCl
1.632727861404419,TlSbS2
1.0107512474060059,Zn3As2
1.0557000637054443,ZnGeAs2
3.4058055877685547,ZnO
2.120242118835449,Bi4PdSe4O12
1.4090843200683594,Cd3In2S2Te4
1.8501203060150146,SbSI
0.3362782597541809,Pb0.8Se0.8Ge0.2Te0.2
0.9998639822006226,Ag1.75InSb5.75Se11
3.238039493560791,K2Dy2Ti3O10
2.3267478942871094,ZrS2
4.364163875579834,CaTe
2.1143290996551514,Ir0.67S2
1.7959851026535034,Pb2MnO4
2.162109851837158,GaSe
3.453420639038086,SrZnSO
1.1626499891281128,Ge0.653Si0.347
0.3547341823577881,InAs
2.5306904315948486,Cu2Ta4O11
3.0086963176727295,K4GeS4
1.1721054315567017,Ge0.6Si0.4
2.531899929046631,AsI3
0.05877721309661865,Mg2Sn
1.0389634370803833,K2CsSb
1.519575595855713,Ho2Mo3O12
2.618764877319336,Li4HgGe2S7
3.2818214893341064,BaGa2GeS6
1.3770527839660645,InP
2.3309874534606934,SiB3
0.2402489185333252,PbTe
5.490411758422852,RbI
1.7645201683044434,KSbS2
1.732802391052246,SbSeBr
1.7302422523498535,As2Se3
0.3758343458175659,CoSb2
1.1473947763442993,Hg0.8Cd0.2Se
1.1668082475662231,Cu2Te
2.987410545349121,LiMgN
3.7625482082366943,Sb2O3
0.2402489185333252,PbTe
0.22765839099884033,NaBiS2
2.7969040870666504,Hg6P6In2Cl9
2.605693817138672,GaS
2.763822555541992,Sn3WO6
3.067018508911133,TlBr
0.20762097835540771,InSb
3.262382745742798,CdSnO3
0.2689341902732849,Pb0.8Se0.8Sn0.2Te0.2
2.4710092544555664,CuGaS2
5.021162986755371,PrF3
0.38577210903167725,Ru2Ge3
0.4632836580276489,SmTe
4.8094482421875,CsZn2B3O7
0.7700247168540955,Ga0.9Sb0.9Cd0.1Te0.1
4.766534805297852,NH7Se2O6
3.067018508911133,TlBr
1.8707739114761353,KPSe6
3.598651885986328,ZnS
1.8731634616851807,Ga0.85Al0.15As
1.492199420928955,GaAs
2.4723310470581055,Ga0.05P0.05Zn0.95Se0.95
1.1932963132858276,KFeCuTe2
2.5283188819885254,AsBr3
0.5969508290290833,Zn0.5Hg0.5Se
1.2035735845565796,Bi2S3
3.067018508911133,TlBr
1.2456398010253906,ReS2
2.890381336212158,CdMoSb4O10
3.6465468406677246,PbCl2
4.036473274230957,As2O3
0.20762097835540771,InSb
3.435887336730957,Na2BaGeS4
1.2570663690567017,Ba2GaDyTe5
1.9723706245422363,NaB15
0.2483951449394226,Bi2Te2.97Se0.03
1.1138819456100464,AgBiS2
2.778111457824707,SnGa2GeS6
0.04269450902938843,NiTe
1.6085307598114014,Pr2YbCuS5
2.7534756660461426,KInSnS4
2.1874890327453613,La2O2MnSe2
2.28452467918396,RbTbSe2
2.6912808418273926,Zn0.5Cd0.5Se
2.2486515045166016,Na2Ge2Se5
1.9188628196716309,PbCrO4
1.6890318393707275,Ag0.5Pb1.75GeS4
2.0993852615356445,CsEr9Cd4Se18
5.2245588302612305,CdCl2
1.2456398010253906,ReS2
2.7151801586151123,Cu3TaS4
0.24905425310134888,Pb0.99Sn0.01Se
2.3318867683410645,AgCd3PS6
0.5658422708511353,Cu3YTe3
1.142146348953247,TlInSe2
0.24990242719650269,Bi2Te2.7Se0.3
1.1110669374465942,CuGaTe2
1.1455419063568115,Tl2PrInSe4
2.2502880096435547,Gd2ZrS5
2.7381038665771484,Pr2S3
2.7536542415618896,PbBiO2Br
1.2079269886016846,YbS
2.436095714569092,K6Cd4Sn3Se13
0.34453094005584717,Pb0.75Ge0.25Te
0.4809359312057495,CdSb
2.7786693572998047,BeTe
0.3637123703956604,Pb0.96TeGa0.04
4.966437339782715,LiH3Se2O6
2.3315486907958984,BaLa2In2S7
6.252228736877441,Li3Cs2B5O10
1.357192039489746,TlScS2
1.1259043216705322,InSe
2.038188934326172,K2Ge4Se8
2.740126371383667,ZnGeN2
1.7394979000091553,KAsSe2
3.357135772705078,GaN
1.1668082475662231,Cu2Te
1.552336573600769,Dy2Mo3O12
2.602429151535034,Li2PtO3
2.0828118324279785,Si2Te3
1.285435438156128,Eu2SnSe5
1.6386895179748535,Ba6Sn6Se13
2.5461199283599854,As2S6
1.9982062578201294,Cs3Sb2I9
1.5270661115646362,Ag0.5Pb1.75GeSe4
2.7381038665771484,Pr2S3
3.0175726413726807,Sr2V3Se5O18
1.1259043216705322,InSe
0.8533495664596558,Nd2HfS5
1.3094351291656494,Nb6VSb3O25
1.6824281215667725,TeSe3
1.5917351245880127,Sn2BiSI5
2.0440821647644043,Ag3SbS3
1.2126737833023071,TlS
0.7693608403205872,GaSb
0.05317002534866333,PtSb2
2.59389328956604,AgGaGeS4
1.648911714553833,InS
0.20762097835540771,InSb
1.1318856477737427,KBiS2
2.2714061737060547,Cs4In8GeSe16
2.5335135459899902,Tl6CuTe2O10
2.919538736343384,InPS4
0.08530288934707642,BaCuTeF
1.108946681022644,Ge0.2Si0.8
2.1987857818603516,Ba5In4Te4S7
1.9670817852020264,CsMn4In5Se12
1.02927565574646,CuInSe2
3.282447576522827,PbN6
1.8856816291809082,LiSbS2
1.6696789264678955,GeS
1.7225831747055054,AlSb
5.142892837524414,Be3N2
1.7225831747055054,AlSb
2.1711905002593994,Cs39Cl6Ga53Se96
2.5769238471984863,Zn0.43Cd0.57Se
1.3709356784820557,Ag2SnS3
3.2643959522247314,AlP
1.973838210105896,Cs3Bi2I9
0.34884053468704224,PbS
0.8766112327575684,Cu3SbS4
1.391400694847107,CuYO2
2.5530500411987305,CdS
1.4639018774032593,Zn0.65Hg0.35Se
2.0932507514953613,V2O5
8.145403861999512,NaF
2.7134628295898438,VTeO5H
0.928243100643158,CdAs2
5.640308380126953,CsI
4.832906246185303,Yb2O3
1.135908603668213,Ba2InCeTe5
1.605666995048523,CdTe
2.1854724884033203,In0.2As0.2Ga0.8P0.8
1.3928885459899902,PbCuSbS3
4.1901397705078125,Ba2CdB6O12
1.5743229389190674,Sn2BiS2I3
1.1336259841918945,GeSe
1.6812548637390137,As2Te3
3.357135772705078,GaN
0.7693608403205872,GaSb
0.2516551613807678,PbSe
2.615936517715454,Ag2VI3O11
3.357135772705078,GaN
1.5196211338043213,LiSbSe2
0.20762097835540771,InSb
2.0808205604553223,Cs2ZnSn3Se8
0.7130887508392334,Zn4Sb3
2.096652030944824,Eu2Ga2GeS7
3.2643959522247314,AlP
2.700409412384033,La2Sr2PtO7.13
1.223947525024414,KCu3S2
0.4729744791984558,SnGe
1.2362831830978394,Hg0.9Cd0.1Se
2.4443111419677734,Cu2O
3.4537746906280518,CdCuSe2O6
0.2402489185333252,PbTe
1.5969421863555908,AgP15
0.4628017544746399,SmSb
0.9543246626853943,IrAs2
0.25727272033691406,PbTe0.5Se0.5
4.755254745483398,KScSe2O6
1.8010756969451904,CdGeP2
2.5306904315948486,Cu2Ta4O11
1.2456398010253906,ReS2
1.8652615547180176,Pr4InSbSe9
1.7097737789154053,Cd0.6Te0.6Al0.4Sb0.4
2.5903754234313965,Cu2Ta11O30
1.5615769624710083,Tl2TeI6
1.9931765794754028,La10OSe14
3.1446261405944824,NaNO2
2.691241502761841,Bi2Mo3O12
1.6619775295257568,Se0.2Te0.8
2.459764242172241,Ga0.2Al0.8P
2.0440821647644043,Ag3SbS3
0.3114488124847412,InSb0.2As0.8
2.6680805683135986,ZnSe
0.03718447685241699,MnAl3
2.303426742553711,InN
2.655844211578369,TaGaS2
3.097687005996704,CuBr
4.931878089904785,MgSe
3.099931001663208,BaTeMo2O9
2.687608003616333,Mg3N2
1.855434536933899,Ba2InSbSe5
2.430840492248535,Cs2PtI6O18
1.6605429649353027,BiSI
1.7386829853057861,EuCu2SnS4
2.162109851837158,GaSe
2.1062893867492676,Na2BaGeSe4
3.598651885986328,ZnS
0.68578040599823,Sr3GeSb2Se8
2.355714797973633,K2Ho4Cu4S9
0.31999462842941284,La2CoTiO6
1.5847059488296509,In0.8Al0.2P
1.0107512474060059,Zn3As2
2.4505674839019775,Ga0.1P0.1Zn0.9Se0.9
2.7881999015808105,LiBi4Nb3O12
2.98551869392395,K3Ga3Ge7S20
3.41850209236145,TlCl
1.0599676370620728,TcS2
2.871912956237793,SnO
1.7602064609527588,GaTe
0.6976636648178101,GaAs0.75Sb0.25
0.7762983441352844,BaIr2Ge4Se6
4.335656642913818,KInTe2O6
0.05877721309661865,Mg2Sn
0.7700726985931396,Ga1.001Sb0.999Te0.003
2.2813072204589844,Gd6Ge2.5S14
2.006044864654541,KZrPSe6
2.0440821647644043,Ag3SbS3
1.3864880800247192,MnTe
1.999224066734314,Ag3AsS3
1.8166446685791016,AgGaSe2
3.2643959522247314,AlP
3.2643959522247314,AlP
2.5208911895751953,As2S3
2.5208911895751953,As2S3
0.23153483867645264,Bi0.6Te3Sb1.4
0.928243100643158,CdAs2
2.47318696975708,CdGa2Se4
2.47318696975708,CdGa2Se4
2.076171398162842,CdP2
2.5530500411987305,CdS
0.4809359312057495,CdSb
1.8600822687149048,CdSe
1.605666995048523,CdTe
1.605666995048523,CdTe
0.3920269012451172,CuFeS2
1.6626980304718018,CuGaSe2
2.644324779510498,Dy2S3
1.492199420928955,GaAs
1.492199420928955,GaAs
1.492199420928955,GaAs
3.357135772705078,GaN
2.605693817138672,GaS
2.162109851837158,GaSe
2.162109851837158,GaSe
1.7602064609527588,GaTe
1.1336259841918945,GeSe
2.4393763542175293,GeSe2
0.45352745056152344,In4Te3
0.3547341823577881,InAs
0.3547341823577881,InAs
0.3547341823577881,InAs
0.3547341823577881,InAs
1.1259043216705322,InSe
1.1259043216705322,InSe
1.1259043216705322,InSe
1.1259043216705322,InSe
5.436419486999512,KI
2.540576457977295,Mg3As2
0.21293509006500244,NaBiSe2
0.34884053468704224,PbS
0.34884053468704224,PbS
0.2402489185333252,PbTe
5.490411758422852,RbI
1.7164835929870605,Sb2S3
1.7164835929870605,Sb2S3
1.16917884349823,SnS
1.16917884349823,SnS
0.3631618022918701,Tl2Te3
0.3631618022918701,Tl2Te3
3.41850209236145,TlCl
1.632727861404419,TlSbS2
1.0107512474060059,Zn3As2
1.0107512474060059,Zn3As2
3.4058055877685547,ZnO
3.598651885986328,ZnS
3.598651885986328,ZnS
2.6680805683135986,ZnSe
1.916500449180603,ZnSnP2
2.290722370147705,ZnTe
2.290722370147705,ZnTe
2.290722370147705,ZnTe
2.6680805683135986,ZnSe
1.916500449180603,ZnSnP2
2.290722370147705,ZnTe
0.050492703914642334,AgCNO.65
0.0473671555519104,Al13Ru4
0.034898996353149414,HoMg2
0.03501862287521362,UAl4
0.018784284591674805,NaZr2TiF11.12
0.04271882772445679,ScRh
-0.0372166633605957,Li3VOF5.1
0.041425108909606934,Ti2ZnS4
0.08429545164108276,KV6O11
0.036031484603881836,ErMg2
0.04810047149658203,CsAs2Ru2
0.05347871780395508,In2Pt
0.052630066871643066,Rh3Pb
-0.01324087381362915,Si2SbO6
0.045986950397491455,ReBiO3
0.04813438653945923,MgSc
0.04426014423370361,Cu10Sb3
0.03844553232192993,Ce2Ti2O7
1.09019935131073,Re3P4
0.5554069876670837,TiPO4
0.041004061698913574,SrCd
0.04588031768798828,NbOsPb
0.0549924373626709,ZrGeRu
0.06540608406066895,Y2Ru2O7
0.04373431205749512,La2Rh7
0.025187015533447266,Hf4Al3
0.05165231227874756,Dy2TlCd
0.04141741991043091,SrNi5As3
0.034645140171051025,Cr2SbTe
0.049595415592193604,DyNiSn
0.13589316606521606,Zn2SnN2
0.05459386110305786,Dy5Sn3
0.046833932399749756,Yb2MgS4
0.03991544246673584,Mg2RhAu
0.04984205961227417,NdAu3
-0.031595468521118164,Tl16O15F17
0.03101116418838501,DySi2Cu2
0.046693384647369385,Ga5Pd13
0.047862887382507324,CeTl3
-0.02487093210220337,Ni3S4
0.0915762186050415,Sr2MgReO6.225
0.029195845127105713,NaLu(Pd3O4)2.200
0.003966629505157471,Na2Tl
0.050507307052612305,Tc3Pd
0.12781822681427002,Ce3Ta(ClO2)3.176
0.04644507169723511,BaAlCu4O7.186
0.04554790258407593,CrSiCu2
0.02744758129119873,Nd4MgRu
0.04783898591995239,Hf5CuPb3
0.06524169445037842,Lu2Mn12P7
0.05171912908554077,DyBiPt
0.0467914342880249,CrNiAs
0.046160101890563965,ZrMo3
0.03902161121368408,Cu4Pd
0.01628589630126953,Li2Ga
0.06256788969039917,La3B2N4
0.049615681171417236,Au3S
0.024432897567749023,RbCd13
-0.009381592273712158,TbBa2IrO6.225
-0.02153235673904419,Cu9O13
0.055260539054870605,SrV13O18
0.00993359088897705,NaNi2O3
0.14758366346359253,Th2CrN3
0.027829647064208984,Mg17Al11Pd
0.031523168087005615,EuZn
0.044720232486724854,ReRuOs
0.03547412157058716,Y2Ge5Ir3
0.03343987464904785,Zr3Ir
-0.05074012279510498,Li4Cu(PO4)2.7
0.0490880012512207,Ni2Mo3N
0.04245889186859131,NaSi2Pd3
0.01243436336517334,Y3Ge4
0.03987610340118408,Mg2AgIr
0.04743438959121704,ThAl
0.020686030387878418,Sc2GaIr
0.045817017555236816,GdInIr
0.023853182792663574,LiGaAg2
0.014699339866638184,YbH3O3
0.08397316932678223,ThPSe
0.051255106925964355,SmAg
0.03575575351715088,Cr10Sb3Te7
